"Supplied Name","guid","scientificName","family","kingdom","family","status","statusSource","year"
"Metachirus nudicaudatus","116246","Metachirus nudicaudatus","Didelphidae",,"Didelphidae","VU","Vulnerável","2011"
"Lipaugus lanioides","249593","Lipaugus lanioides","Cotingidae",,"Cotingidae","EN","Em Perigo","2011"
"Sporophila hypoxantha","138904","Sporophila hypoxantha","Thraupidae","Animalia","Thraupidae","VU","Vulnerável","2011"
"Thalassarche chrysostoma","180232","Thalassarche chrysostoma","Diomedeidae",,"Diomedeidae","VU","Vulnerável","2011"
"Chironectes minimus","178881","Chironectes minimus","Didelphidae",,"Didelphidae","VU","Vulnerável","2011"
"Alopias superciliosus","182269","Alopias superciliosus","Alopiidae",,"Alopiidae","VU","Vulnerável","2011"
"Asterina stelifera","200487","Asterina stellifera","Asterinidae",,"Asterinidae","VU","Vulnerável","2011"
"Eubalaena australias","202658","Eubalaena australis","Balaenidae",,"Balaenidae","VU","Vulnerável","2011"
"Pteroglossus castanotis","148888","Pteroglossus castanotis","Ramphastidae",,"Ramphastidae","CR","Criticamente em perigo","2011"
"Mustelus schmitti","267757","Mustelus schmitti","Triakidae",,"Triakidae","CR","Criticamente em perigo","2011"
"Rhinobatos horkeli","117296","Rhinobatos horkelii","Rhinobatidae",,"Rhinobatidae","CR","Criticamente em perigo","2011"
"Sturnina tildae",,,,,,"VU","Vulnerável","2011"
"Rachoviscus crassiceps","170283","Rachoviscus crassiceps","Characidae",,"Characidae","CR","Criticamente em perigo","2011"
"Piculus flavigula","142339","Piculus flavigula","Picidae",,"Picidae","VU","Vulnerável","2011"
"Alouatta clamitans",,,,,,"VU","Vulnerável","2011"
"Ochropyge ruficauda","241424","Ochropyge ruficauda","Hesperiidae",,"Hesperiidae","CR","Criticamente em perigo","2011"
"Limnomedusa macroglossa","244774","Limnomedusa macroglossa","Alsodidae",,"Alsodidae","EN","Em Perigo","2011"
"Hypsiboas marginatus","156096","Hypsiboas marginatus","Hylidae",,"Hylidae","VU","Vulnerável","2011"
"Deuterodon longirostris","170033","Deuterodon longirostris","Characidae",,"Characidae","VU","Vulnerável","2011"
"Campelolebias chrysolineatus","158301","Campellolebias chrysolineatus","Rivulidae",,"Rivulidae","CR","Criticamente em perigo","2011"
"Claravis godefrida",,,,,,"CR","Criticamente em perigo","2011"
"Rhamdiopsis moreirai","240385","Rhamdiopsis moreirai","Heptapteridae",,"Heptapteridae","VU","Vulnerável","2011"
"Oimedea sanfordi",,,,,,"EN","Em Perigo","2011"
"Phyloscartes difficilis","155007","Phylloscartes difficilis","Rhynchocyclidae",,"Rhynchocyclidae","EN","Em Perigo","2011"
"Dryocopus galeatus",,,,,,"VU","Vulnerável","2011"
"Xenandra heliodes dibapha","219740","Xenandra heliodes dibapha","Riodinidae",,"Riodinidae","VU","Vulnerável","2011"
"Crotophaga major","159080","Crotophaga major","Cuculidae",,"Cuculidae","VU","Vulnerável","2011"
"Sphyrna zygaena","265271","Sphyrna zygaena","Sphyrnidae",,"Sphyrnidae","EN","Em Perigo","2011"
"Spintherobolus ankoseion","138672","Spintherobolus ankoseion","Characidae",,"Characidae","CR","Criticamente em perigo","2011"
"Molossops temmhicki",,,,,,"VU","Vulnerável","2011"
"Oreaster reticulatus","157463","Oreaster reticulatus","Oreasteridae",,"Oreasteridae","CR","Criticamente em perigo","2011"
"Sporophila plumbea","202733","Sporophila plumbea","Thraupidae","Animalia","Thraupidae","CR","Criticamente em perigo","2011"
"Tenedos brescoviti","217283","Tenedos brescoviti","Zodariidae",,"Zodariidae","VU","Vulnerável","2011"
"Amazona vinacea","175040","Amazona vinacea","Psittacidae",,"Psittacidae","EN","Em Perigo","2011"
"Hermacha iricolor","162733","Hermacha iricolor","Nemesiidae",,"Nemesiidae","VU","Vulnerável","2011"
"Pyroderus scutatus","155655","Pyroderus scutatus","Cotingidae",,"Cotingidae","EN","Em Perigo","2011"
"Niltonia virgili","183486","Niltonia virgilii","Colletidae",,"Colletidae","VU","Vulnerável","2011"
"Crypturelus noctivagus","139594","Crypturellus noctivagus","Tinamidae",,"Tinamidae","EN","Em Perigo","2011"
"Amazona pretrei","175015","Amazona pretrei","Psittacidae",,"Psittacidae","EN","Em Perigo","2011"
"Asio flammeus","125046","Asio flammeus","Strigidae",,"Strigidae","VU","Vulnerável","2011"
"Coscinasterias tenuispnia",,,,,,"VU","Vulnerável","2011"
"Histiotus aliemts",,,,,,"CR","Criticamente em perigo","2011"
"Accipiter superciliosus","210164","Accipiter superciliosus","Accipitridae","Animalia","Accipitridae","VU","Vulnerável","2011"
"Ramphocelus bresii,us",,,,,,"VU","Vulnerável","2011"
"Holandichthys multifasciatus","233206","Hollandichthys multifasciatus","Characidae",,"Characidae","EN","Em Perigo","2011"
"Deuterodon rosae","233190","Deuterodon rosae","Characidae",,"Characidae","VU","Vulnerável","2011"
"Furipterus horrens","231749","Furipterus horrens","Furipteridae",,"Furipteridae","CR","Criticamente em perigo","2011"
"Piprites pileata","114914","Piprites pileata","Pipritidae",,"Pipritidae","EN","Em Perigo","2011"
"Chelonia mydas","139646","Chelonia mydas","Cheloniidae",,"Cheloniidae","VU","Vulnerável","2011"
"Macrobrachium carcinus","161860","Macrobrachium carcinus","Palaemonidae",,"Palaemonidae","VU","Vulnerável","2011"
"Diphylla ecaudata","142610","Diphylla ecaudata","Phyllostomidae",,"Phyllostomidae","EN","Em Perigo","2011"
"Crenicichla empheres","119803","Crenicichla empheres","Cichlidae",,"Cichlidae","VU","Vulnerável","2011"
"Diopatra cuprea","216406","Diopatra cuprea","Onuphidae",,"Onuphidae","EN","Em Perigo","2011"
"Paracentrotus gaimardi","195631","Paracentrotus gaimardi","Parechinidae",,"Parechinidae","VU","Vulnerável","2011"
"Spizaetus tyrannus","178817","Spizaetus tyrannus","Accipitridae","Animalia","Accipitridae","VU","Vulnerável","2011"
"Hypsiboas poaju","155348","Hypsiboas poaju","Hylidae",,"Hylidae","VU","Vulnerável","2011"
"Diomedea epomophora","147864","Diomedea epomophora","Diomedeidae",,"Diomedeidae","VU","Vulnerável","2011"
"Mimagoniates lateralis","233224","Mimagoniates lateralis","Characidae",,"Characidae","VU","Vulnerável","2011"
"Pterodroma incerta","172311","Pterodroma incerta","Procellariidae",,"Procellariidae","EN","Em Perigo","2011"
"Galinago undulata","196299","Gallinago undulata","Scolopacidae",,"Scolopacidae","VU","Vulnerável","2011"
"Lasiurus egregius","151303","Lasiurus (Lasiurus) egregius","Vespertilionidae",,"Vespertilionidae","CR","Criticamente em perigo","2011"
"Sporophila falcirostris","202499","Sporophila falcirostris","Thraupidae","Animalia","Thraupidae","EN","Em Perigo","2011"
"Leucopternis lacernulatus",,,,,,"VU","Vulnerável","2011"
"Conirostrum bicolor","138885","Conirostrum bicolor","Thraupidae","Animalia","Thraupidae","VU","Vulnerável","2011"
"Parides bunichus chamisonia","225494","Parides bunichus chamissonia","Papilionidae",,"Papilionidae","VU","Vulnerável","2011"
"Luidia clathrata","203858","Luidia clathrata","Luidiidae",,"Luidiidae","VU","Vulnerável","2011"
"Eretmochelys imbricata","171196","Eretmochelys imbricata","Cheloniidae",,"Cheloniidae","CR","Criticamente em perigo","2011"
"Puma concolor","131593","Puma concolor","Felidae",,"Felidae","VU","Vulnerável","2011"
"Scleromystax macropterus","124116","Scleromystax macropterus","Callichthyidae",,"Callichthyidae","CR","Criticamente em perigo","2011"
"Cavia intermedia","255961","Cavia intermedia","Caviidae",,"Caviidae","CR","Criticamente em perigo","2011"
"Minyocerus angustus","265387","Minyocerus angustus","Porcellanidae",,"Porcellanidae","VU","Vulnerável","2011"
"Strix huhula","220284","Strix huhula","Strigidae",,"Strigidae","EN","Em Perigo","2011"
"Touit melanonotus","268953","Touit melanonotus","Psittacidae",,"Psittacidae","CR","Criticamente em perigo","2011"
"Hemitriccus diops","186466","Hemitriccus diops","Rhynchocyclidae",,"Rhynchocyclidae","EN","Em Perigo","2011"
"Phibalura flavirostris","249579","Phibalura flavirostris","Cotingidae",,"Cotingidae","EN","Em Perigo","2011"
"Cyanophrys bertha","267834","Cyanophrys bertha","Lycaenidae",,"Lycaenidae","EN","Em Perigo","2011"
"Tonatia bidens","267883","Tonatia bidens","Phyllostomidae",,"Phyllostomidae","CR","Criticamente em perigo","2011"
"Scytalopus iraiensis","150445","Scytalopus iraiensis","Rhinocryptidae",,"Rhinocryptidae","EN","Em Perigo","2011"
"Deuterodon longirostris","170033","Deuterodon longirostris","Characidae",,"Characidae","VU","Vulnerável","2011"
"Leurotrigona mueleri","164782","Leurotrigona muelleri","Apidae",,"Apidae","VU","Vulnerável","2011"
"Cuniculus paca","198749","Cuniculus paca","Cuniculidae",,"Cuniculidae","VU","Vulnerável","2011"
"Diomedea exulans","179986","Diomedea exulans","Diomedeidae",,"Diomedeidae","VU","Vulnerável","2011"
"Thalassarche melanophris","211183","Thalassarche melanophris","Diomedeidae",,"Diomedeidae","EN","Em Perigo","2011"
"Pampasatyrus glaucope glaucope","199954","Pampasatyrus glaucope glaucope","Nymphalidae",,"Nymphalidae","VU","Vulnerável","2011"
"Accipiter poliogaster","113751","Accipiter poliogaster","Accipitridae","Animalia","Accipitridae","CR","Criticamente em perigo","2011"
"Panulirus laevicauda","161902","Panulirus laevicauda","Palinuridae",,"Palinuridae","EN","Em Perigo","2011"
"Panthera onca","257864","Panthera onca","Felidae",,"Felidae","CR","Criticamente em perigo","2011"
"Astyanax ggenys",,,,,,"VU","Vulnerável","2011"
"Scytalopus pachecoi","181902","Scytalopus pachecoi","Rhinocryptidae",,"Rhinocryptidae","EN","Em Perigo","2011"
"Glandulocauda caerulea","202389","Glandulocauda caerulea","Characidae",,"Characidae","CR","Criticamente em perigo","2011"
"Sporophila frontalis","264571","Sporophila frontalis","Thraupidae","Animalia","Thraupidae","VU","Vulnerável","2011"
"Madracis decactis","243402","Madracis decactis","Pocilloporidae",,"Pocilloporidae","VU","Vulnerável","2011"
"Mazama americana","262097","Mazama americana","Cervidae",,"Cervidae","EN","Em Perigo","2011"
"Basiceros plaumanni",,,,,,"EN","Em Perigo","2011"
"Mimagoniates rheocharis","138627","Mimagoniates rheocharis","Characidae",,"Characidae","VU","Vulnerável","2011"
"Rivulus haraldsioli",,,,,,"VU","Vulnerável","2011"
"Platyrinchus leucoryphus","115257","Platyrinchus leucoryphus","Platyrinchidae","Animalia","Platyrinchidae","VU","Vulnerável","2011"
"Sphyrna lewini","171151","Sphyrna lewini","Sphyrnidae",,"Sphyrnidae","EN","Em Perigo","2011"
"Rivulus luelingi",,,,,,"VU","Vulnerável","2011"
"Solenosmilia variabilis","224036","Solenosmilia variabilis","Caryophylliidae",,"Caryophylliidae","CR","Criticamente em perigo","2011"
"Mimagoniates rheocharis","138627","Mimagoniates rheocharis","Characidae",,"Characidae","VU","Vulnerável","2011"
"Tenedos major","154210","Tenedos major","Zodariidae",,"Zodariidae","VU","Vulnerável","2011"
"Tachyphonus cristatus",,,,,,"EN","Em Perigo","2011"
"Diomedea dabbenena","115936","Diomedea dabbenena","Diomedeidae",,"Diomedeidae","CR","Criticamente em perigo","2011"
"Hypsiboas semiguttatus","249463","Hypsiboas semiguttatus","Hylidae",,"Hylidae","EN","Em Perigo","2011"
"Merulaxis ater","244664","Merulaxis ater","Rhinocryptidae",,"Rhinocryptidae","VU","Vulnerável","2011"
"Sordellina punctata","180900","Sordellina punctata","Dipsadidae",,"Dipsadidae","VU","Vulnerável","2011"
"Crenicichla empheres","119803","Crenicichla empheres","Cichlidae",,"Cichlidae","VU","Vulnerável","2011"
"Euryades corethrus","130657","Euryades corethrus","Papilionidae",,"Papilionidae","EN","Em Perigo","2011"
"Lytechinus variegatus","267420","Lytechinus variegatus","Toxopneustidae",,"Toxopneustidae","VU","Vulnerável","2011"
"Tangara peruviana","233353","Tangara peruviana","Thraupidae","Animalia","Thraupidae","EN","Em Perigo","2011"
"Teutoniela plaumanni","182762","Teutoniella plaumanni","Micropholcommatidae",,"Micropholcommatidae","EN","Em Perigo","2011"
"Jenynsia sanctaecaterinae",,,,,,"VU","Vulnerável","2011"
"Eucidaris tribuloides","115921","Eucidaris tribuloides","Cidaridae",,"Cidaridae","VU","Vulnerável","2011"
"Leopardus pardalis","195743","Leopardus pardalis","Felidae",,"Felidae","EN","Em Perigo","2011"
"Rallus longirostris","211154","Rallus longirostris","Rallidae",,"Rallidae","VU","Vulnerável","2011"
"Tayassu pecari","225421","Tayassu pecari","Tayassuidae",,"Tayassuidae","CR","Criticamente em perigo","2011"
"Myiobius barbatus","250525","Myiobius barbatus","Onychorhynchidae",,"Onychorhynchidae","EN","Em Perigo","2011"
"Blepolenis catharinae","136735","Blepolenis catharinae","Nymphalidae",,"Nymphalidae","VU","Vulnerável","2011"
"Thalassarche chlororhynchos","179041","Thalassarche chlororhynchos","Diomedeidae",,"Diomedeidae","EN","Em Perigo","2011"
"Pteroglossus aracari","180312","Pteroglossus aracari","Ramphastidae",,"Ramphastidae","CR","Criticamente em perigo","2011"
"Micronycteris megalotis","206123","Micronycteris megalotis","Phyllostomidae",,"Phyllostomidae","VU","Vulnerável","2011"
"Crossodactylus schmidti","156763","Crossodactylus schmidti","Hylodidae",,"Hylodidae","CR","Criticamente em perigo","2011"
"Rivulus haraldsioli",,,,,,"VU","Vulnerável","2011"
"Pseudoplatystoma corruscans","143106","Pseudoplatystoma corruscans","Pimelodidae",,"Pimelodidae","VU","Vulnerável","2011"
"Culicivora caudacuta","149252","Culicivora caudacuta","Tyrannidae","Animalia","Tyrannidae","CR","Criticamente em perigo","2011"
"Narcissia trigonaria","250811","Narcissia trigonaria","Ophidiasteridae",,"Ophidiasteridae","VU","Vulnerável","2011"
"Corythopis delalandi","154774","Corythopis delalandi","Rhynchocyclidae",,"Rhynchocyclidae","EN","Em Perigo","2011"
"Myiobius atricaudus","219144","Myiobius atricaudus","Onychorhynchidae",,"Onychorhynchidae","VU","Vulnerável","2011"
"Vitreorana uranoscopa","225553","Vitreorana uranoscopa","Centrolenidae",,"Centrolenidae","VU","Vulnerável","2011"
"Astropecten brasiliensis","200417","Astropecten brasiliensis","Astropectinidae",,"Astropectinidae","VU","Vulnerável","2011"
"Ctenomys mhiutus",,,,,,"EN","Em Perigo","2011"
"Anthus nattereri","122922","Anthus nattereri","Motacillidae",,"Motacillidae","EN","Em Perigo","2011"
"Spizaetus ornatus","210161","Spizaetus ornatus","Accipitridae","Animalia","Accipitridae","CR","Criticamente em perigo","2011"
"Drymophila squamata","261948","Drymophila squamata","Thamnophilidae",,"Thamnophilidae","EN","Em Perigo","2011"
"Luidia ludwigi scotti","204423","Luidia ludwigi scotti","Luidiidae",,"Luidiidae","VU","Vulnerável","2011"
"Sotalia guianensis","236599","Sotalia guianensis","Delphinidae",,"Delphinidae","EN","Em Perigo","2011"
"Astyanax ggeiiys",,,,,,"VU","Vulnerável","2011"
"Thalasseus maximus","250532","Thalasseus maximus","Sternidae",,"Sternidae","VU","Vulnerável","2011"
"Paratheridula perniciosa","169472","Paratheridula perniciosa","Theridiidae",,"Theridiidae","VU","Vulnerável","2011"
"Cissopis leverianus","233417","Cissopis leverianus","Thraupidae","Animalia","Thraupidae","EN","Em Perigo","2011"
"Eleothreptus anoma lus",,,,,,"EN","Em Perigo","2011"
"Squatina guggenheim","215547","Squatina guggenheim","Squatinidae",,"Squatinidae","EN","Em Perigo","2011"
"Crassostrea brasiliana","191301","Crassostrea brasiliana","Ostreidae",,"Ostreidae","VU","Vulnerável","2011"
"Hasemania melanura","138601","Hasemania melanura","Characidae",,"Characidae","CR","Criticamente em perigo","2011"
"Buteo melanoleucus",,,,,,"VU","Vulnerável","2011"
"Hastula cinerea","226776","Hastula cinerea","Terebridae",,"Terebridae","VU","Vulnerável","2011"
"Geositta curthularia",,,,,,"VU","Vulnerável","2011"
"Hippocampus reidi","222445","Hippocampus reidi","Syngnathidae",,"Syngnathidae","VU","Vulnerável","2011"
"Pecari tajacu","130576","Pecari tajacu","Tayassuidae",,"Tayassuidae","VU","Vulnerável","2011"
"Physeter macrocephalus","268113","Physeter macrocephalus","Physeteridae",,"Physeteridae","VU","Vulnerável","2011"
"Olivancilaria contortuplicata","154510","Olivancillaria contortuplicata","Olividae",,"Olividae","VU","Vulnerável","2011"
"Onychorhynchus swainsoni","188274","Onychorhynchus swainsoni","Onychorhynchidae",,"Onychorhynchidae","CR","Criticamente em perigo","2011"
"Procelaria conspicilata","203824","Procellaria conspicillata","Procellariidae",,"Procellariidae","VU","Vulnerável","2011"
"Nyctinomops macrotis","121450","Nyctinomops macrotis","Molossidae",,"Molossidae","VU","Vulnerável","2011"
"Chrysocyon brachyurus","126597","Chrysocyon brachyurus","Canidae","Animalia","Canidae","CR","Criticamente em perigo","2011"
"Amazona brasiliensis","273788","Amazona brasiliensis","Psittacidae",,"Psittacidae","CR","Criticamente em perigo","2011"
"Euvola ziczac","229076","Euvola ziczac","Pectinidae",,"Pectinidae","EN","Em Perigo","2011"
"Saltator fuliginosus","264614","Saltator fuliginosus","Thraupidae","Animalia","Thraupidae","VU","Vulnerável","2011"
"Spizaetus melanoleucus","178795","Spizaetus melanoleucus","Accipitridae","Animalia","Accipitridae","EN","Em Perigo","2011"
"Trogon viridis","177477","Trogon viridis","Trogonidae","Animalia","Trogonidae","EN","Em Perigo","2011"
"Pampasatyrus gyrtone","232155","Pampasatyrus gyrtone","Nymphalidae",,"Nymphalidae","VU","Vulnerável","2011"
"Brycon orbignyanus",,,,,,"EN","Em Perigo","2011"
"Myotis simus","245507","Myotis simus","Vespertilionidae",,"Vespertilionidae","VU","Vulnerável","2011"
"Hasemania maxilaris","233289","Hasemania maxillaris","Characidae",,"Characidae","CR","Criticamente em perigo","2011"
"Rivulus luelingi",,,,,,"VU","Vulnerável","2011"
"Luidia alternata","235888","Luidia alternata","Luidiidae",,"Luidiidae","VU","Vulnerável","2011"
"Chloroceryle inda","182142","Chloroceryle inda","Alcedinidae","Animalia","Alcedinidae","EN","Em Perigo","2011"
"Phacelodomus striaticolis","137237","Phacellodomus striaticollis","Furnariidae",,"Furnariidae","VU","Vulnerável","2011"
"Lepidochelys olivacea","265273","Lepidochelys olivacea","Cheloniidae",,"Cheloniidae","EN","Em Perigo","2011"
"Astropecten marginatus","169292","Astropecten marginatus","Astropectinidae",,"Astropectinidae","VU","Vulnerável","2011"
"Melipona bicolor schenki","195776","Melipona (Eomelipona) bicolor schencki","Apidae",,"Apidae","VU","Vulnerável","2011"
"Listrura camposi","142655","Listrura camposi","Trichomycteridae",,"Trichomycteridae","VU","Vulnerável","2011"
"Carcharias taurus","152225","Carcharias taurus","Odontaspididae",,"Odontaspididae","CR","Criticamente em perigo","2011"
"Pontopori blainvilei",,,,,,"VU","Vulnerável","2011"
"Cycloramphus valae","264181","Cycloramphus valae","Cycloramphidae",,"Cycloramphidae","CR","Criticamente em perigo","2011"
"Acanthostichus flexuosus","199843","Acanthostichus flexuosus","Formicidae",,"Formicidae","EN","Em Perigo","2011"
"Isostichopus badionotus","219751","Isostichopus badionotus","Stichopodidae",,"Stichopodidae","VU","Vulnerável","2011"
"Morphnus guianensis","241188","Morphnus guianensis","Accipitridae","Animalia","Accipitridae","CR","Criticamente em perigo","2011"
"Basiceros acutiplli",,,,,,"EN","Em Perigo","2011"
"Lophopedia pulchra","263623","Lophopedia pulchra","Apidae",,"Apidae","VU","Vulnerável","2011"
"Tigrisoma fasciatum","270979","Tigrisoma fasciatum","Ardeidae",,"Ardeidae","CR","Criticamente em perigo","2011"
"Ischnocnema manezinho","269090","Ischnocnema manezinho","Brachycephalidae",,"Brachycephalidae","VU","Vulnerável","2011"
"Sorubim lima","237720","Sorubim lima","Pimelodidae",,"Pimelodidae","VU","Vulnerável","2011"
"Stymphalornis acutirostris",,,,,,"CR","Criticamente em perigo","2011"
"Melanophryniscus dorsalis","215397","Melanophryniscus dorsalis","Bufonidae","Animalia","Bufonidae","EN","Em Perigo","2011"
"Heliornis fulica","206959","Heliornis fulica","Heliornithidae",,"Heliornithidae","CR","Criticamente em perigo","2011"
"Phyloscartes eximius","155005","Phylloscartes eximius","Rhynchocyclidae",,"Rhynchocyclidae","CR","Criticamente em perigo","2011"
"Desmophylum dianthus","224015","Desmophyllum dianthus","Caryophylliidae",,"Caryophylliidae","CR","Criticamente em perigo","2011"
"Primolius maracana","273787","Primolius maracana","Psittacidae",,"Psittacidae","CR","Criticamente em perigo","2011"
"Phrynomedusa appendiculata","186513","Phrynomedusa appendiculata","Hylidae",,"Hylidae","EN","Em Perigo","2011"
"Epinephelus itajara","167054","Epinephelus itajara","Serranidae",,"Serranidae","EN","Em Perigo","2011"
"Hemitriccus kaempferi","185965","Hemitriccus kaempferi","Rhynchocyclidae",,"Rhynchocyclidae","VU","Vulnerável","2011"
"Limnoctites rectirostris","137481","Limnoctites rectirostris","Furnariidae",,"Furnariidae","CR","Criticamente em perigo","2011"
"Polystictus pectoralis","212254","Polystictus pectoralis","Tyrannidae","Animalia","Tyrannidae","CR","Criticamente em perigo","2011"
"Sporophila cinnamomea","138877","Sporophila cinnamomea","Thraupidae","Animalia","Thraupidae","CR","Criticamente em perigo","2011"
"Madrera po oculata",,,,,,"CR","Criticamente em perigo","2011"
"Lutreolina crassicaudata","147502","Lutreolina crassicaudata","Didelphidae",,"Didelphidae","VU","Vulnerável","2011"
"Drephalys miersi","209838","Drephalys (Drephalys) miersi","Hesperiidae",,"Hesperiidae","CR","Criticamente em perigo","2011"
"Carcharhimus longimanus",,,,,,"VU","Vulnerável","2011"
"Mecicobothrium baccai","111179","Mecicobothrium baccai","Mecicobothriidae",,"Mecicobothriidae","VU","Vulnerável","2011"
"Sorubim lima","237720","Sorubim lima","Pimelodidae",,"Pimelodidae","VU","Vulnerável","2011"
"Glossopasiphae plaumani",,,,,,"EN","Em Perigo","2011"
"Mimagoniates lateralis","233224","Mimagoniates lateralis","Characidae",,"Characidae","VU","Vulnerável","2011"
"Tapirus terrestris","256113","Tapirus terrestris","Tapiriidae",,"Tapiriidae","EN","Em Perigo","2011"
"Notharchus swainsoni","246617","Notharchus swainsoni","Bucconidae","Animalia","Bucconidae","VU","Vulnerável","2011"
"Cardisoma guanhumi","232259","Cardisoma guanhumi","Gecarcinidae",,"Gecarcinidae","VU","Vulnerável","2011"
"Plagiobrissus grandis","215656","Plagiobrissus grandis","Brissidae",,"Brissidae","VU","Vulnerável","2011"
"Cistothorus platensis","210091","Cistothorus platensis","Troglodytidae","Animalia","Troglodytidae","CR","Criticamente em perigo","2011"
"Cnemidophorus vacariensis",,,,,,"EN","Em Perigo","2011"
"Ceratophrys aurita","225083","Ceratophrys aurita","Ceratophryidae",,"Ceratophryidae","EN","Em Perigo","2011"
"Parelbela polyzona","113313","Parelbella polyzona","Hesperiidae",,"Hesperiidae","CR","Criticamente em perigo","2011"
"Hippocampus erectus","160435","Hippocampus erectus","Syngnathidae",,"Syngnathidae","VU","Vulnerável","2011"
"Echinaster (Othilia) brasiliensis","246754","Echinaster (Othilia) brasiliensis","Echinasteridae",,"Echinasteridae","VU","Vulnerável","2011"
"Cinclodes pabsti","263205","Cinclodes pabsti","Furnariidae",,"Furnariidae","VU","Vulnerável","2011"
"Alouatta caraya","200494","Alouatta caraya","Atelidae",,"Atelidae","CR","Criticamente em perigo","2011"
"Dermochelys coriacea","268299","Dermochelys coriacea","Dermochelyidae",,"Dermochelyidae","CR","Criticamente em perigo","2011"
"Sporophila angolensis","264619","Sporophila angolensis","Thraupidae","Animalia","Thraupidae","CR","Criticamente em perigo","2011"
"Eudocimus ruber","138966","Eudocimus ruber","Threskiornithidae",,"Threskiornithidae","CR","Criticamente em perigo","2011"
"Xanthopsar flavus","183599","Xanthopsar flavus","Icteridae",,"Icteridae","CR","Criticamente em perigo","2011"
"Tenedos minor","154203","Tenedos minor","Zodariidae",,"Zodariidae","VU","Vulnerável","2011"
"Narope guilhermei","199590","Narope guilhermei","Nymphalidae",,"Nymphalidae","CR","Criticamente em perigo","2011"
"Steindachneridion scriptum","237653","Steindachneridion scriptum","Pimelodidae",,"Pimelodidae","EN","Em Perigo","2011"
"Doxocopa laure laurona","231976","Doxocopa laure laurona","Nymphalidae",,"Nymphalidae","CR","Criticamente em perigo","2011"
"Hyphessobrycon taurocephalus","202407","Hyphessobrycon taurocephalus","Characidae",,"Characidae","CR","Criticamente em perigo","2011"
"Rhamdiopsis moreirai","240385","Rhamdiopsis moreirai","Heptapteridae",,"Heptapteridae","VU","Vulnerável","2011"
"Drephalys mourei","209959","Drephalys (Drephalys) mourei","Hesperiidae",,"Hesperiidae","CR","Criticamente em perigo","2011"
"Symmachia arion","219789","Symmachia arion","Riodinidae",,"Riodinidae","VU","Vulnerável","2011"
"Clelia plumbea","149524","Clelia plumbea","Dipsadidae",,"Dipsadidae","EN","Em Perigo","2011"
"Tachuris rubrigastra","224863","Tachuris rubrigastra","Tachurisidae",,"Tachurisidae","VU","Vulnerável","2011"
"Ceriantheomorphe brasiliensis","198917","Ceriantheomorphe brasiliensis","Cerianthidae",,"Cerianthidae","EN","Em Perigo","2011"
"nigropectus",,,,,,"VU","Vulnerável","2011"
"Caaeteboia amarali","149536","Caaeteboia amarali","Dipsadidae",,"Dipsadidae","EN","Em Perigo","2011"
"Tinamus solitarius","265270","Tinamus solitarius","Tinamidae",,"Tinamidae","VU","Vulnerável","2011"
"Triclaria malachitacea","175361","Triclaria malachitacea","Psittacidae",,"Psittacidae","VU","Vulnerável","2011"
"Polioptila lactea","123442","Polioptila lactea","Polioptilidae",,"Polioptilidae","VU","Vulnerável","2011"
"Psammanthus caraguaensis",,,,,,"CR","Criticamente em perigo","2011"
"Caretta caretta","139606","Caretta caretta","Cheloniidae",,"Cheloniidae","EN","Em Perigo","2011"
"Falco deiroleucus","226326","Falco deiroleucus","Falconidae",,"Falconidae","CR","Criticamente em perigo","2011"
"Lophelia pertusa","192927","Lophelia pertusa","Caryophylliidae",,"Caryophylliidae","CR","Criticamente em perigo","2011"
"Liolaemus occipitalis","140110","Liolaemus occipitalis","Liolaemidae",,"Liolaemidae","VU","Vulnerável","2011"
"Xolmis dominicanus","180652","Xolmis dominicanus","Tyrannidae","Animalia","Tyrannidae","EN","Em Perigo","2011"
"Polyprion americanus","150474","Polyprion americanus","Polyprionidae",,"Polyprionidae","CR","Criticamente em perigo","2011"
"Carpornis melanocephala","187043","Carpornis melanocephala","Cotingidae",,"Cotingidae","EN","Em Perigo","2011"
"Thoropa saxatilis","233038","Thoropa saxatilis","Cycloramphidae",,"Cycloramphidae","CR","Criticamente em perigo","2011"
"Sporophila melanogaster","138963","Sporophila melanogaster","Thraupidae","Animalia","Thraupidae","VU","Vulnerável","2011"
"Aplastodiscus ehrhardti","249439","Aplastodiscus ehrhardti","Hylidae",,"Hylidae","VU","Vulnerável","2011"
"Jenynsia sanctaecaterinae",,,,,,"VU","Vulnerável","2011"
"Salminus brasiliensis","202451","Salminus brasiliensis","Characidae",,"Characidae","VU","Vulnerável","2011"
"Procellaria aequinoctialis","203351","Procellaria aequinoctialis","Procellariidae",,"Procellariidae","VU","Vulnerável","2011"
"Melipona mondury","164816","Melipona (Michmelia) mondury","Apidae",,"Apidae","VU","Vulnerável","2011"
"Ozotoceros bezoarticus","200018","Ozotoceros bezoarticus","Cervidae",,"Cervidae","VU","Vulnerável","2011"
"Austrolebias carvalhoi","158478","Austrolebias carvalhoi","Rivulidae",,"Rivulidae","CR","Criticamente em perigo","2011"
"Penelope superciliaris","156036","Penelope superciliaris","Cracidae",,"Cracidae","VU","Vulnerável","2011"
"Harpyhaliaetus coronatus",,,,,,"CR","Criticamente em perigo","2011"
"Phyloscartes oustaleti","152604","Phylloscartes oustaleti","Rhynchocyclidae",,"Rhynchocyclidae","VU","Vulnerável","2011"
"Deuterodon rosae","233190","Deuterodon rosae","Characidae",,"Characidae","VU","Vulnerável","2011"
"Steindachneridion melanodermatum","237676","Steindachneridion melanodermatum","Pimelodidae",,"Pimelodidae","CR","Criticamente em perigo","2011"
"Phyloscartes sylviolus","217864","Phylloscartes sylviolus","Rhynchocyclidae",,"Rhynchocyclidae","EN","Em Perigo","2011"
"Luidia senegalensis","204861","Luidia senegalensis","Luidiidae",,"Luidiidae","VU","Vulnerável","2011"
"Mazama nana","136370","Mazama nana","Cervidae",,"Cervidae","VU","Vulnerável","2011"
"Chlorocery le aenea",,,,,,"VU","Vulnerável","2011"
"Harpia harpyja","210222","Harpia harpyja","Accipitridae","Animalia","Accipitridae","CR","Criticamente em perigo","2011"
"Campelolebias brucei","221367","Campellolebias brucei","Rivulidae",,"Rivulidae","CR","Criticamente em perigo","2011"
"Parides tros danunciae","130171","Parides tros danunciae","Papilionidae",,"Papilionidae","EN","Em Perigo","2011"
"Speothos venaticus","253012","Speothos venaticus","Canidae","Animalia","Canidae","CR","Criticamente em perigo","2011"
"Hypsiboas curupi","123134","Hypsiboas curupi","Hylidae",,"Hylidae","EN","Em Perigo","2011"
"Listrura camposi","142655","Listrura camposi","Trichomycteridae",,"Trichomycteridae","VU","Vulnerável","2011"
"Phrynops wiliamsi","233702","Phrynops williamsi","Chelidae",,"Chelidae","VU","Vulnerável","2011"
"Aplastodiscus cochranae","249423","Aplastodiscus cochranae","Hylidae",,"Hylidae","VU","Vulnerável","2011"
"Aburria jacutinga","156033","Aburria jacutinga","Cracidae",,"Cracidae","CR","Criticamente em perigo","2011"
"Cnemidophorus lacertoides",,,,,,"EN","Em Perigo","2011"
"Salminus brasiliensis","202451","Salminus brasiliensis","Characidae",,"Characidae","VU","Vulnerável","2011"
"Pseudoplatystoma corruscans","143106","Pseudoplatystoma corruscans","Pimelodidae",,"Pimelodidae","VU","Vulnerável","2011"
"Narope cylarus","231712","Narope cyllarus","Nymphalidae",,"Nymphalidae","CR","Criticamente em perigo","2011"
"Geranium glanduligerum R. Kunth","332828","Geranium glanduligerum","Geraniaceae",,"Geraniaceae","EX","Extinta","2014"
"Croton lanatus Lamarck","358158","Croton lanatus","Euphorbiaceae",,"Euphorbiaceae","EX","Extinta","2014"
"Euplassa nebularis Rambo & Sleumer","278493","Euplassa nebularis","Proteaceae",,"Proteaceae","VU","Vulnerável","2014"
"Eupatorium macrophyllum Linnaeus","299431","Eupatorium macrophyllum","Asteraceae",,"Asteraceae","EX","Extinta","2014"
"Senecio langei Malme","391108","Senecio langei","Asteraceae",,"Asteraceae","VU","Vulnerável","2014"
"Aechmea kleinii Reiz","326889","Aechmea kleinii","Bromeliaceae",,"Bromeliaceae","EX","Extinta","2014"
"Campomanesia hirsuta Gardner","340115","Campomanesia hirsuta","Myrtaceae",,"Myrtaceae","EX","Extinta","2014"
"Begonia konderreisiana L.B.Sm. & R.C.Sm.","326374","Begonia konderreisiana","Begoniaceae",,"Begoniaceae","DD","Dados Insuficientes","2014"
"Ranunculus apiifolius Persoon","278600","Ranunculus apiifolius","Ranunculaceae",,"Ranunculaceae","EX","Extinta","2014"
"Terpsichore chrysleri (Proctor ex Copel.) A.R. Sm.","349385","Terpsichore chrysleri","Polypodiaceae",,"Polypodiaceae","VU","Vulnerável","2014"
"Mimosa pseudolepidota (Burkart) Barneby","326029","Mimosa pseudolepidota","Fabaceae",,"Fabaceae","EN","Em Perigo","2014"
"Mimosa bifurca Benth. var. bifurca","286468","Mimosa bifurca var. bifurca","Fabaceae",,"Fabaceae","DD","Dados Insuficientes","2014"
"Spilanthes arnicoides DC.","313327","Spilanthes arnicoides","Asteraceae",,"Asteraceae","EX","Extinta","2014"
"Glandularia hatschbachii (Moldenke) O´Leary & Peralta",,,,,,"VU","Vulnerável","2014"
"Ixora venulosa Bentham","279516","Ixora venulosa","Rubiaceae",,"Rubiaceae","VU","Vulnerável","2014"
"Pterocaulon virgatum (L.) DC.","285751","Pterocaulon virgatum","Asteraceae",,"Asteraceae","EX","Extinta","2014"
"Pavonia renifolia Krapov.","372238","Pavonia renifolia","Malvaceae",,"Malvaceae","VU","Vulnerável","2014"
"Senecio oligophyllus Baker","391123","Senecio oligophyllus","Asteraceae",,"Asteraceae","VU","Vulnerável","2014"
"Grobya guieselii F.Barros & Lourenço","344098","Grobya guieselii","Orchidaceae",,"Orchidaceae","DD","Dados Insuficientes","2014"
"Enhydra anagallis Gardn.","334750","Enydra anagallis","Asteraceae",,"Asteraceae","EX","Extinta","2014"
"Campylocentrum gracile Cogn.","343017","Campylocentrum gracile","Orchidaceae",,"Orchidaceae","EX","Extinta","2014"
"Galium smithreitzii Dempster","366472","Galium smithreitzii","Rubiaceae",,"Rubiaceae","VU","Vulnerável","2014"
"Ocotea prolifera (Nees & Mart.) Mez","308920","Ocotea prolifera","Lauraceae",,"Lauraceae","EX","Extinta","2014"
"Solanum platense Dieckmann","281902","Solanum platense","Solanaceae",,"Solanaceae","EX","Extinta","2014"
"Cayaponia membranacea Gomes-Klein. FB, HBR, CS, MA","387933","Cayaponia membranacea","Cucurbitaceae",,"Cucurbitaceae","VU","Vulnerável","2014"
"Cattleya guttata Lindley","343192","Cattleya guttata","Orchidaceae",,"Orchidaceae","VU","Vulnerável","2014"
"Senegalia tucumanensis","326175","Senegalia tucumanensis","Fabaceae",,"Fabaceae","VU","Vulnerável","2014"
"Mimosa per-dusenii Burkart","326024","Mimosa per-dusenii","Fabaceae",,"Fabaceae","VU","Vulnerável","2014"
"Lantana montevidensis ( Spreng.)","282920","Lantana montevidensis","Verbenaceae",,"Verbenaceae","EX","Extinta","2014"
"Roupala pallida K.Schum.","278541","Roupala pallida","Proteaceae",,"Proteaceae","VU","Vulnerável","2014"
"Richardia stellaris (Cham & Schl) Steudel","280029","Richardia stellaris","Rubiaceae",,"Rubiaceae","EX","Extinta","2014"
"Ocotea catharinensis Mez","334675","Ocotea catharinensis","Lauraceae",,"Lauraceae","CR","Criticamente em Perigo","2014"
"Aechmea pimenti-velosoi Reitz","326991","Aechmea pimenti-velosoi","Bromeliaceae",,"Bromeliaceae","EX","Extinta","2014"
"Cyperus tener (C.B.Clarke) Osten","335541","Cyperus tener","Cyperaceae",,"Cyperaceae","EX","Extinta","2014"
"Panicum magnispicula Zuloaga et al.","346565","Panicum magnispicula","Poaceae",,"Poaceae","VU","Vulnerável","2014"
"Lagenocarpus rigidus Nees","331071","Lagenocarpus rigidus","Cyperaceae",,"Cyperaceae","EX","Extinta","2014"
"Isoetes spannagelii H.P.Fuchs","347943","Isoetes spannagelii","Isoetaceae",,"Isoetaceae","DD","Dados Insuficientes","2014"
"Podocarpus lambertii","295406","Podocarpus lambertii","Podocarpaceae",,"Podocarpaceae","EN","Em Perigo","2014"
"Cunila platyphylla Epling","333788","Cunila platyphylla","Lamiaceae",,"Lamiaceae","EX","Extinta","2014"
"Mimosa lepidorepens Burkart","326001","Mimosa lepidorepens","Fabaceae",,"Fabaceae","VU","Vulnerável","2014"
"Begonia itatinensis Irmscher ex Brade","326358","Begonia itatinensis","Begoniaceae",,"Begoniaceae","EX","Extinta","2014"
"Merostachys ciliata Mc Clure&L.B.Sm.","277117","Merostachys ciliata","Poaceae",,"Poaceae","VU","Vulnerável","2014"
"Verbena reitzii Moldenke","369167","Verbena reitzii","Verbenaceae",,"Verbenaceae","EX","Extinta","2014"
"Dorstenia tenuis Bonpl. ex Bureau","339641","Dorstenia tenuis","Moraceae",,"Moraceae","EN","Em Perigo","2014"
"Cyrtopodium Kleinii J. A. N. Batista & Bianchetti",,,,,,"EN","Em Perigo","2014"
"Thrasyopsis juergensii (Hackel) Soderstrom ex A. G. Burman","336580","Thrasyopsis juergensii","Poaceae",,"Poaceae","VU","Vulnerável","2014"
"Catopsis berteroniana (Schultes filius) Mez","327422","Catopsis berteroniana","Bromeliaceae",,"Bromeliaceae","EX","Extinta","2014"
"Promenaea catharinensis Schltr.","393612","Promenaea catharinensis","Orchidaceae",,"Orchidaceae","DD","Dados Insuficientes","2014"
"Ruellia kleinii C.Ezcurra & Wassh. (= Ruellia geminiflora H. B. K. FIC)",,,,,,"VU","Vulnerável","2014"
"Philodendron renauxii Reitz","324612","Philodendron renauxii","Araceae",,"Araceae","VU","Vulnerável","2014"
"Calibrachoa serrulata (L.B.Sm. & Downs) Stehman & Semir","281261","Calibrachoa serrulata","Solanaceae",,"Solanaceae","VU","Vulnerável","2014"
"Mimosa pseudocallosa Burkart","326026","Mimosa pseudocallosa","Fabaceae",,"Fabaceae","VU","Vulnerável","2014"
"Passiflora urubiciensis Cervi","274592","Passiflora urubiciensis","Passifloraceae",,"Passifloraceae","VU","Vulnerável","2014"
"Jobinia paranaensis Font. & Val.","323332","Jobinia paranaensis","Apocynaceae",,"Apocynaceae","VU","Vulnerável","2014"
"Clidemia neglecta D. Don","339415","Clidemia neglecta","Melastomataceae",,"Melastomataceae","EX","Extinta","2014"
"Euphoglossum lagesianum Rosenstock",,,,,,"EX","Extinta","2014"
"Dalechampia leandri Baillon","358518","Dalechampia leandrii","Euphorbiaceae",,"Euphorbiaceae","EX","Extinta","2014"
"Pavonia reitzii Krapov. & Cristóbal","335973","Pavonia reitzii","Malvaceae",,"Malvaceae","EX","Extinta","2014"
"Dyschoriste smithii Leonard","278086","Dyschoriste smithii","Acanthaceae",,"Acanthaceae","VU","Vulnerável","2014"
"Justicia catharinensis Lindau","369135","Justicia catharinensis","Acanthaceae",,"Acanthaceae","EX","Extinta","2014"
"Acianthera binotii (Regel) Pridgeon","342181","Acianthera binotii","Orchidaceae",,"Orchidaceae","EX","Extinta","2014"
"Adiantum pectinatum Kunze","349584","Adiantum pectinatum","Pteridaceae",,"Pteridaceae","DD","Dados Insuficientes","2014"
"Vriesea rubens Gomes-da-Silva & A. F. Costa","297179","Vriesea rubens","Bromeliaceae",,"Bromeliaceae","VU","Vulnerável","2014"
"Butia eriospatha (Mart. ex Drude) Becc.","311316","Butia eriospatha","Arecaceae",,"Arecaceae","CR","Criticamente em Perigo","2014"
"Piper kleinii Yunck.","275356","Piper kleinii","Piperaceae",,"Piperaceae","VU","Vulnerável","2014"
"Oxypetalum reitzii Fontella & Marquete","323839","Oxypetalum reitzii","Apocynaceae",,"Apocynaceae","VU","Vulnerável","2014"
"Peperomia circinnata Link","274805","Peperomia circinnata","Piperaceae",,"Piperaceae","EX","Extinta","2014"
"Leandra cardiophylla Cogn.","333017","Leandra cardiophylla","Melastomataceae",,"Melastomataceae","EX","Extinta","2014"
"Caperonia buettneriacea Mueller Argoviensis","357724","Caperonia buettneriacea","Euphorbiaceae",,"Euphorbiaceae","EX","Extinta","2014"
"Piptadenia affinis Burkart","326080","Piptadenia affinis","Fabaceae",,"Fabaceae","VU","Vulnerável","2014"
"Lessingianthus ulei Hieron. & H. Rob. HBR","373102","Lessingianthus ulei","Asteraceae",,"Asteraceae","VU","Vulnerável","2014"
"Aloysia dusenii Moldenke","282799","Aloysia dusenii","Verbenaceae",,"Verbenaceae","VU","Vulnerável","2014"
"Rhynchospora exaltata Kunth","331212","Rhynchospora exaltata","Cyperaceae",,"Cyperaceae","EX","Extinta","2014"
"Agrimonia parviflora Solander","392617","Agrimonia parviflora","Rosaceae",,"Rosaceae","EX","Extinta","2014"
"Promenaea acuminata Schltr.","393611","Promenaea acuminata","Orchidaceae",,"Orchidaceae","DD","Dados Insuficientes","2014"
"Constantia australis (Cogn.) Porto & Brade","343336","Constantia australis","Orchidaceae",,"Orchidaceae","DD","Dados Insuficientes","2014"
"Calyptraemalva catharinensis Krapov.","336389","Calyptraemalva catharinensis","Malvaceae",,"Malvaceae","VU","Vulnerável","2014"
"Gaultheria corvensis (R.R. Silva & Cervi) G.O.Romão & Kin.-Gouv.","392731","Gaultheria corvensis","Ericaceae",,"Ericaceae","VU","Vulnerável","2014"
"Stigmatosema odileana Szlach.","346096","Stigmatosema odileana","Orchidaceae",,"Orchidaceae","DD","Dados Insuficientes","2014"
"Mimosa catharinensis Burkart","325959","Mimosa catharinensis","Fabaceae",,"Fabaceae","CR","Criticamente em Perigo","2014"
"Regnellidium diphyllum Lindman","348583","Regnellidium diphyllum","Marsileaceae",,"Marsileaceae","EX","Extinta","2014"
"Hymenophyllum microcarpum Desv.","347732","Hymenophyllum microcarpum","Hymenophyllaceae",,"Hymenophyllaceae","EX","Extinta","2014"
"Senecio reitzianus Cabrera","392561","Senecio reitzianus","Asteraceae",,"Asteraceae","VU","Vulnerável","2014"
"Cyrtopodium brandonianum subsp. lageanum J.A.N.B.","314206","Cyrtopodium brandonianum subsp. lageanum","Orchidaceae",,"Orchidaceae","DD","Dados Insuficientes","2014"
"Matayba cristae Reitz","332788","Matayba cristae","Sapindaceae",,"Sapindaceae","VU","Vulnerável","2014"
"Apoclada diversa McClure & Smith",,,,,,"EX","Extinta","2014"
"Gonolobus rostratus (Vahl) Schult.","323277","Gonolobus rostratus","Apocynaceae",,"Apocynaceae","VU","Vulnerável","2014"
"Spermacoce brachystemonoides O. Kunze","280219","Spermacoce brachystemonoides","Rubiaceae",,"Rubiaceae","EX","Extinta","2014"
"Begonia rupium Irmscher","326538","Begonia rupium","Begoniaceae",,"Begoniaceae","EX","Extinta","2014"
"Perezia catharinensis Cabrera","336123","Perezia catharinensis","Asteraceae",,"Asteraceae","VU","Vulnerável","2014"
"Hypochaeris catharinensis Cabrera","380893","Hypochaeris catharinensis","Asteraceae",,"Asteraceae","VU","Vulnerável","2014"
"Dicksonia sellowiana Hook. (Cyateaceae FIC)","299127","Dicksonia sellowiana","Dicksoniaceae",,"Dicksoniaceae","CR","Criticamente em Perigo","2014"
"Butia catharinensis","381459","Butia catarinensis","Arecaceae",,"Arecaceae","EN","Em Perigo","2014"
"Poiretia tetraphylla (Poir.) Burk.","319775","Poiretia tetraphylla","Fabaceae",,"Fabaceae","EX","Extinta","2014"
"Apodanthera ulei (Cogn.) Mart.,Crov. FB, CS, MA, HBR","332872","Apodanthera ulei","Cucurbitaceae",,"Cucurbitaceae","VU","Vulnerável","2014"
"Begonia lineolata Brade","326392","Begonia lineolata","Begoniaceae",,"Begoniaceae","DD","Dados Insuficientes","2014"
"Calibrachoa eglandulata Stehmann&Semir","281221","Calibrachoa eglandulata","Solanaceae",,"Solanaceae","VU","Vulnerável","2014"
"Ruellia reitzii Wassh. & L.B.Sm.","369329","Ruellia reitzii","Acanthaceae",,"Acanthaceae","VU","Vulnerável","2014"
"Chamaecrista vestida",,,,,,"EX","Extinta","2014"
"Heleocharis montevidensis Kunth",,,,,,"EX","Extinta","2014"
"Acianthera asaroides (Kraenzl.) Prid & M.W.Chase","361521","Acianthera asaroides","Orchidaceae",,"Orchidaceae","DD","Dados Insuficientes","2014"
"Mimosa lepidorepens Burkart","326001","Mimosa lepidorepens","Fabaceae",,"Fabaceae","VU","Vulnerável","2014"
"Mimosa murex Barneby","326008","Mimosa murex","Fabaceae",,"Fabaceae","VU","Vulnerável","2014"
"Dalechampia riparia L.B.Sm. & Downs","358562","Dalechampia riparia","Euphorbiaceae",,"Euphorbiaceae","EX","Extinta","2014"
"Chacoa pseudoprasiifolia (Hassl.) R.M.King & H.Rob.","379028","Chacoa pseudoprasiifolia","Asteraceae",,"Asteraceae","VU","Vulnerável","2014"
"Dyckia cabrerae Smith & Reitz","327608","Dyckia cabrerae","Bromeliaceae",,"Bromeliaceae","VU","Vulnerável","2014"
"Urostachys sellowianus Hert.","278615","Urostachys sellowianus","Lycopodiaceae",,"Lycopodiaceae","EX","Extinta","2014"
"Discaria americana Gillies & Hooker","346986","Discaria americana","Rhamnaceae",,"Rhamnaceae","VU","Vulnerável","2014"
"Vriesea muelleri Mez","329012","Vriesea muelleri","Bromeliaceae",,"Bromeliaceae","EX","Extinta","2014"
"Adiantum intermedium Sw.","349543","Adiantum intermedium","Pteridaceae",,"Pteridaceae","EX","Extinta","2014"
"Lafoensia nummularifolia Saint Hilaire","335636","Lafoensia nummularifolia","Lythraceae",,"Lythraceae","EX","Extinta","2014"
"Glandularia tenera (Spreng.) Cabrera (= Verbena tenera Spreng. HBR)",,,,,,"VU","Vulnerável","2014"
"Fevillea passiflora Vell. FB, MA,HBR","274629","Fevillea passiflora","Cucurbitaceae",,"Cucurbitaceae","VU","Vulnerável","2014"
"Verbena thymoides Cham.","351332","Verbena thymoides","Verbenaceae",,"Verbenaceae","EX","Extinta","2014"
"Gleditsia amorphoides","325785","Gleditsia amorphoides","Fabaceae",,"Fabaceae","VU","Vulnerável","2014"
"Piper lhotzkyanum Kunth","275386","Piper lhotzkyanum","Piperaceae",,"Piperaceae","EX","Extinta","2014"
"Napeanthus reitzii (L.B. Sm.) Burtt ex Leeuwenb.","332932","Napeanthus reitzii","Gesneriaceae",,"Gesneriaceae","EX","Extinta","2014"
"Hymenophyllum crispum H. B. K.","347698","Hymenophyllum crispum","Hymenophyllaceae",,"Hymenophyllaceae","EX","Extinta","2014"
"Dyckia minarum Mez","327660","Dyckia minarum","Bromeliaceae",,"Bromeliaceae","EX","Extinta","2014"
"Woodsia montevidensis (Spreng.) Hieron.","350729","Woodsia montevidensis","Woodsiaceae",,"Woodsiaceae","VU","Vulnerável","2014"
"Ocotea porosa (Nees & Mart.) Barroso","334757","Ocotea porosa","Lauraceae",,"Lauraceae","CR","Criticamente em Perigo","2014"
"Koanophyllon lobatifolium (Cabrera) R.M.King & H.Rob.","379374","Koanophyllon lobatifolium","Asteraceae",,"Asteraceae","VU","Vulnerável","2014"
"Desmanthus paspalaceus (Lindm.) Burkart","325894","Desmanthus paspalaceus","Fabaceae",,"Fabaceae","DD","Dados Insuficientes","2014"
"Hymenophyllum ulei Chr. et Giesenh.","393052","Hymenophyllum ulei","Hymenophyllaceae",,"Hymenophyllaceae","EX","Extinta","2014"
"Ctenanthe lanceolata O. G. Petersen","337265","Ctenanthe lanceolata","Marantaceae",,"Marantaceae","EX","Extinta","2014"
"Croton serratus (Klotzsch) Mueller Argoviensis","358376","Croton serratus","Euphorbiaceae",,"Euphorbiaceae","EX","Extinta","2014"
"Cyperus inops C. B. Clarke","355664","Cyperus inops","Cyperaceae",,"Cyperaceae","EX","Extinta","2014"
"Hippeastrum vittatum (L´ Hér.) Herb.",,,,,,"EX","Extinta","2014"
"Billbergia alfonsi-joannis","353381","Billbergia alfonsi-joannis","Bromeliaceae",,"Bromeliaceae","VU","Vulnerável","2014"
"Petunia reitzii L.B.Sm. & Downs","281484","Petunia reitzii","Solanaceae",,"Solanaceae","CR","Criticamente em Perigo","2014"
"Symphyopappus reitzii (Cabrera) R.M.King & H.Rob.","380847","Symphyopappus reitzii","Asteraceae",,"Asteraceae","DD","Dados Insuficientes","2014"
"Piper ulei C.DC.","275570","Piper ulei","Piperaceae",,"Piperaceae","VU","Vulnerável","2014"
"Calophyllum brasiliensis",,,,,,"CR","Criticamente em Perigo","2014"
"Begonia hilariana A.DC.","326309","Begonia hilariana","Begoniaceae",,"Begoniaceae","VU","Vulnerável","2014"
"Buddleja hatschbachii E. M. Norman & L. B. Sm.","281001","Buddleja hatschbachii","Scrophulariaceae",,"Scrophulariaceae","VU","Vulnerável","2014"
"Eryngium corallinum Mathias & Constance (= UMBELLIFEREA FIC)",,,,,,"VU","Vulnerável","2014"
"Digitaria myriostachya (Hack.) Henrard","371808","Digitaria myriostachya","Poaceae",,"Poaceae","EX","Extinta","2014"
"Bidens laevis (Lam.) B. S. P.","333669","Bidens laevis","Asteraceae",,"Asteraceae","EX","Extinta","2014"
"Dyckia ibiramensis Reitz","327641","Dyckia ibiramensis","Bromeliaceae",,"Bromeliaceae","CR","Criticamente em Perigo","2014"
"Anetium citrifolium (L.) Splitg.","349655","Anetium citrifolium","Pteridaceae",,"Pteridaceae","EX","Extinta","2014"
"Merostachys vestita Mc Clure&L.B.Sm.","277211","Merostachys vestita","Poaceae",,"Poaceae","VU","Vulnerável","2014"
"Hesperozygis dimidiata Epling & Mathias","333853","Hesperozygis dimidiata","Lamiaceae",,"Lamiaceae","VU","Vulnerável","2014"
"Nidularium catarinense Leme","328210","Nidularium catarinense","Bromeliaceae",,"Bromeliaceae","VU","Vulnerável","2014"
"Alstroemeria inodora Herb.","369555","Alstroemeria inodora","Alstroemeriaceae",,"Alstroemeriaceae","EX","Extinta","2014"
"Mikania paniculata DC.","325652","Mikania paniculata","Asteraceae",,"Asteraceae","VU","Vulnerável","2014"
"Salpichroa origanifolia (Lam.)Thellung","329778","Salpichroa origanifolia","Solanaceae",,"Solanaceae","EX","Extinta","2014"
"Asplenium lacinulatum Schrad.","298576","Asplenium lacinulatum","Aspleniaceae",,"Aspleniaceae","CR","Criticamente em Perigo","2014"
"Mimosa involucrata Benth","325992","Mimosa involucrata","Fabaceae",,"Fabaceae","VU","Vulnerável","2014"
"Elaphoglossum jamesonii (Hook. & Grév.) Moore","336229","Elaphoglossum jamesonii","Dryopteridaceae",,"Dryopteridaceae","EX","Extinta","2014"
"Prunus ulei Koehne","392693","Prunus ulei","Rosaceae",,"Rosaceae","EX","Extinta","2014"
"Spigelia catarinensis Guimarães & Fontella","335198","Spigelia catarinensis","Loganiaceae",,"Loganiaceae","EX","Extinta","2014"
"Hysterionica pinnatisecta Matzenb. & Sobral","325429","Hysterionica pinnatisecta","Asteraceae",,"Asteraceae","VU","Vulnerável","2014"
"Oxalis odonellii Lourteig",,,,,,"VU","Vulnerável","2014"
"Tassadia obovata Decne.","324052","Tassadia obovata","Apocynaceae",,"Apocynaceae","EX","Extinta","2014"
"Oxypetalum kleinii Fontella & Marquete","323752","Oxypetalum kleinii","Apocynaceae",,"Apocynaceae","VU","Vulnerável","2014"
"Calea ilienii Malme","389415","Calea ilienii","Asteraceae",,"Asteraceae","VU","Vulnerável","2014"
"Mimosa taimbensis Burkart","326063","Mimosa taimbensis","Fabaceae",,"Fabaceae","VU","Vulnerável","2014"
"Dendrophorbium missionum (Cabrera) C. Jeffrey",,,,,,"DD","Dados Insuficientes","2014"
"Hypochaeris glabra L.","380898","Hypochaeris glabra","Asteraceae",,"Asteraceae","EX","Extinta","2014"
"Habenaria ulei Cogn.","344332","Habenaria ulei","Orchidaceae",,"Orchidaceae","DD","Dados Insuficientes","2014"
"Oxypetalum foliosum Mart.","323722","Oxypetalum foliosum","Apocynaceae",,"Apocynaceae","EX","Extinta","2014"
"Pleurothallis binotii Regel","300343","Pleurothallis binotii","Orchidaceae",,"Orchidaceae","EX","Extinta","2014"
"Mollinedia howeana Perkins","339508","Mollinedia howeana","Monimiaceae",,"Monimiaceae","EX","Extinta","2014"
"Adiantum humile Kunze","349537","Adiantum humile","Pteridaceae",,"Pteridaceae","DD","Dados Insuficientes","2014"
"Callisthene kuhlmannii H.F.Martins","327118","Callisthene kuhlmannii","Vochysiaceae",,"Vochysiaceae","VU","Vulnerável","2014"
"Asclepias langsdorfii Fourn.","369958","Asclepias langsdorffii","Apocynaceae",,"Apocynaceae","DD","Dados Insuficientes","2014"
"Rudgea coriacea (Sprengel) K. Schumann","280047","Rudgea coriacea","Rubiaceae",,"Rubiaceae","EX","Extinta","2014"
"Anemia alfredi-rohrii Brade","298187","Anemia alfredi-rohrii","Anemiaceae",,"Anemiaceae","DD","Dados Insuficientes","2014"
"Myrceugenia smithii Landrum","341118","Myrceugenia smithii","Myrtaceae",,"Myrtaceae","VU","Vulnerável","2014"
"Oxypetalum arnottianum Buek","323671","Oxypetalum arnottianum","Apocynaceae",,"Apocynaceae","VU","Vulnerável","2014"
"Petunia ericifolia R. E. Fries","388308","Petunia ericifolia","Solanaceae",,"Solanaceae","EX","Extinta","2014"
"Bauhinia uruguayensis","325763","Bauhinia uruguayensis","Fabaceae",,"Fabaceae","VU","Vulnerável","2014"
"Psychotria malaneoides Mueller argoviensis","279866","Psychotria malaneoides","Rubiaceae",,"Rubiaceae","DD","Dados Insuficientes","2014"
"Nicotiana azambujae L.B.Sm. & Downs","281434","Nicotiana azambujae","Solanaceae",,"Solanaceae","EX","Extinta","2014"
"Mimosa dutrae","325968","Mimosa dutrae","Fabaceae",,"Fabaceae","VU","Vulnerável","2014"
"Austroeupatorium rosmarinaceum (Cabrera & Vittet) R.M.King & H.Rob.","390337","Austroeupatorium rosmarinaceum","Asteraceae",,"Asteraceae","VU","Vulnerável","2014"
"Hadrolaelia purpurata (Lindl.) Chiron & V. P. Castro","344371","Hadrolaelia purpurata","Orchidaceae",,"Orchidaceae","EN","Em Perigo","2014"
"Abutilon muelleri-friderici Gürke & Schum.","342323","Abutilon muelleri-friderici","Malvaceae",,"Malvaceae","EX","Extinta","2014"
"Hippeastrum rutilum (Gawl Ker). Herb.","310811","Hippeastrum rutilum","Amaryllidaceae",,"Amaryllidaceae","EX","Extinta","2014"
"Begonia kondereisiana L.B.Sm. & R.C.Sm.","326374","Begonia konderreisiana","Begoniaceae",,"Begoniaceae","VU","Vulnerável","2014"
"Scirpus cernuus Vahl","282308","Scirpus cernuus","Cyperaceae",,"Cyperaceae","EX","Extinta","2014"
"Gunnera herteri Ost.","333290","Gunnera herteri","Gunneraceae",,"Gunneraceae","EX","Extinta","2014"
"Fridericia speciosa Mart.","384414","Fridericia speciosa","Bignoniaceae",,"Bignoniaceae","EX","Extinta","2014"
"Asplenium resiliens Kunze","298678","Asplenium resiliens","Aspleniaceae",,"Aspleniaceae","DD","Dados Insuficientes","2014"
"Huperzia catharinae (Christ) Holub","348197","Huperzia catharinae","Lycopodiaceae",,"Lycopodiaceae","DD","Dados Insuficientes","2014"
"Trichomanes rupestre (Raddi) v. d. B.","392719","Trichomanes rupestre","Hymenophyllaceae",,"Hymenophyllaceae","EX","Extinta","2014"
"Stevia catharinensis Cabrera & Vittet","379442","Stevia catharinensis","Asteraceae",,"Asteraceae","VU","Vulnerável","2014"
"Veyretia undulata Szlach.","346228","Veyretia undulata","Orchidaceae",,"Orchidaceae","DD","Dados Insuficientes","2014"
"Dalbergia ernest-ulei Hoehne","326300","Dalbergia ernest-ulei","Fabaceae",,"Fabaceae","EX","Extinta","2014"
"Perezia multiflora subsp. sonchifolia (Baker)","370611","Perezia multiflora subsp. sonchifolia","Asteraceae",,"Asteraceae","DD","Dados Insuficientes","2014"
"Isoetes smithii H.P.Fuchs","347940","Isoetes smithii","Isoetaceae",,"Isoetaceae","DD","Dados Insuficientes","2014"
"Declieuxia dusenii standl.","278942","Declieuxia dusenii","Rubiaceae",,"Rubiaceae","VU","Vulnerável","2014"
"Acalypha brasiliensis Mueller Argoviensis","289019","Acalypha brasiliensis","Euphorbiaceae",,"Euphorbiaceae","EX","Extinta","2014"
"Passiflora reitzii Sacco","274531","Passiflora reitzii","Passifloraceae",,"Passifloraceae","VU","Vulnerável","2014"
"Dyckia distachya Hassler","327625","Dyckia distachya","Bromeliaceae",,"Bromeliaceae","EW","EW","2014"
"Ximenia americana Linnaeus","341668","Ximenia americana","Olacaceae",,"Olacaceae","EX","Extinta","2014"
"Adiantum digitatum Hook.","349510","Adiantum digitatum","Pteridaceae",,"Pteridaceae","DD","Dados Insuficientes","2014"
"Salvia platyfrons Epling & Játiva","301495","Salvia platyfrons","Lamiaceae",,"Lamiaceae","EX","Extinta","2014"
"Thinouia scandens (Cambessedes) Triana et Planchon","296810","Thinouia scandens","Sapindaceae",,"Sapindaceae","EX","Extinta","2014"
"Baccharis psammophila Malme","335409","Baccharis psammophila","Asteraceae",,"Asteraceae","VU","Vulnerável","2014"
"Colliguaja brasillensis Klotzsch ex Baill.","357873","Colliguaja brasiliensis","Euphorbiaceae",,"Euphorbiaceae","VU","Vulnerável","2014"
"Mollinedia eugeniifolia Perkins","373364","Mollinedia eugeniifolia","Monimiaceae",,"Monimiaceae","EX","Extinta","2014"
"Erythroxylum catharinense Amaral","332462","Erythroxylum catharinense","Erythroxylaceae",,"Erythroxylaceae","VU","Vulnerável","2014"
"Raulinoa echinata R.S.Cowan","366545","Raulinoa echinata","Rutaceae",,"Rutaceae","CR","Criticamente em Perigo","2014"
"Verbesina arnottii Baker","371152","Verbesina arnotii","Asteraceae",,"Asteraceae","EX","Extinta","2014"
"Acianthera murexoidea (Pabst) Pridgeon & M.W.Chase","361563","Acianthera murexoidea","Orchidaceae",,"Orchidaceae","VU","Vulnerável","2014"
"Tibouchina nitida (Graham) Cogn.","339076","Tibouchina nitida","Melastomataceae",,"Melastomataceae","VU","Vulnerável","2014"
"Senegalia catharinensis","326107","Senegalia catharinensis","Fabaceae",,"Fabaceae","VU","Vulnerável","2014"
"Paepalanthus henriquei Alv. Silveira & Ruhl.","332202","Paepalanthus henriquei","Eriocaulaceae",,"Eriocaulaceae","EX","Extinta","2014"
"Aeschynomene fructipendula Abruzzi de Oliveira","326242","Aeschynomene fructipendula","Fabaceae",,"Fabaceae","VU","Vulnerável","2014"
"Plagiogyria fialhoi (Fée & Glaz.) Mett.","348643","Plagiogyria fialhoi","Plagiogyriaceae",,"Plagiogyriaceae","DD","Dados Insuficientes","2014"
"Baccharis medullosa A. P. de Candolle","325041","Baccharis medullosa","Asteraceae",,"Asteraceae","EX","Extinta","2014"
"Vriesea pinottii Reitz","329066","Vriesea pinottii","Bromeliaceae",,"Bromeliaceae","VU","Vulnerável","2014"
"Hyptis lorentziana O. Hoffmann","334035","Hyptis lorentziana","Lamiaceae",,"Lamiaceae","EX","Extinta","2014"
"Mimosa ramentacea Burkart","326035","Mimosa ramentacea","Fabaceae",,"Fabaceae","VU","Vulnerável","2014"
"Cunila spicata Benth.","333790","Cunila spicata","Lamiaceae",,"Lamiaceae","EX","Extinta","2014"
"Anthurium pilonense Reitz","324342","Anthurium pilonense","Araceae",,"Araceae","EN","Em Perigo","2014"
"Jacquemontia mucronifera (Choisy) Hallier","330674","Jacquemontia mucronifera","Convolvulaceae",,"Convolvulaceae","EX","Extinta","2014"
"Asplenium muellerianum Rosenst.","298601","Asplenium muellerianum","Aspleniaceae",,"Aspleniaceae","VU","Vulnerável","2014"
"Perezia eryngioides (Cabrera) Crisci & Martic.","370605","Perezia eryngioides","Asteraceae",,"Asteraceae","DD","Dados Insuficientes","2014"
"Rapanea laetevirens Mez","327345","Rapanea laetevirens","Primulaceae",,"Primulaceae","EX","Extinta","2014"
"Panicum bresolinii L.B.Sm. & Wassh.","277283","Panicum bresolinii","Poaceae",,"Poaceae","DD","Dados Insuficientes","2014"
"Lycopodium assurgens Fée","348503","Lycopodium assurgens","Lycopodiaceae",,"Lycopodiaceae","VU","Vulnerável","2014"
"Lonchocarpus grazielae M.J.Silva & A.M.G.Azevedo","326432","Lonchocarpus grazielae","Fabaceae",,"Fabaceae","DD","Dados Insuficientes","2014"
"Byttneria triadenia Cristóbal","336377","Byttneria triadenia","Malvaceae",,"Malvaceae","EX","Extinta","2014"
"Pilostyles ulei Solms-Laubach","309955","Pilostyles ulei","Apodanthaceae",,"Apodanthaceae","EX","Extinta","2014"
"Terminalia reitzii Exell","330160","Terminalia reitzii","Combretaceae",,"Combretaceae","VU","Vulnerável","2014"
"Pilostyles ulei Solms-Laubach","309955","Pilostyles ulei","Apodanthaceae",,"Apodanthaceae","VU","Vulnerável","2014"
"Achatocarpus praecox","369460","Achatocarpus praecox","Achatocarpaceae",,"Achatocarpaceae","VU","Vulnerável","2014"
"Matelea dusenii Morillo","323399","Matelea dusenii","Apocynaceae",,"Apocynaceae","VU","Vulnerável","2014"
"Cayaponia alarici M.L.Porto. FB, HBR, MA","387954","Cayaponia alarici","Cucurbitaceae",,"Cucurbitaceae","VU","Vulnerável","2014"
"Megalastrum adenopteris (C. Chr.) A. R. Sm.","347408","Megalastrum adenopteris","Dryopteridaceae",,"Dryopteridaceae","DD","Dados Insuficientes","2014"
"Dolichandra cynanchoides Cham.","384146","Dolichandra cynanchoides","Bignoniaceae",,"Bignoniaceae","EX","Extinta","2014"
"Oxypetalum morilloanum Fontella","323791","Oxypetalum morilloanum","Apocynaceae",,"Apocynaceae","VU","Vulnerável","2014"
"Microtea scabrida Urb.","294608","Microtea scabrida","Phytolaccaceae",,"Phytolaccaceae","EX","Extinta","2014"
"Berberis kleinii Mattos","326637","Berberis kleinii","Berberidaceae",,"Berberidaceae","VU","Vulnerável","2014"
"Chamaecrista punctata","314894","Chamaecrista punctata","Fabaceae",,"Fabaceae","EX","Extinta","2014"
"Conyza reitziana Cabrera","325274","Conyza reitziana","Asteraceae",,"Asteraceae","VU","Vulnerável","2014"
"Mimosa sanguinolenta Barneby","326046","Mimosa sanguinolenta","Fabaceae",,"Fabaceae","VU","Vulnerável","2014"
"Symphyopappus lymansmithii B. L. Rob.","332938","Symphyopappus lymansmithii","Asteraceae",,"Asteraceae","VU","Vulnerável","2014"
"Calamagrostis reitzii Swallen","337085","Calamagrostis reitzii","Poaceae",,"Poaceae","EX","Extinta","2014"
"Microlepia speluncae (L.) Moore","299101","Microlepia speluncae","Dennstaedtiaceae",,"Dennstaedtiaceae","EX","Extinta","2014"
"Piptochaetium palustre Muj.-Sall. & Longhi-Wagner","370864","Piptochaetium palustre","Poaceae",,"Poaceae","VU","Vulnerável","2014"
"Asclepias bracteolata Fourn.","369949","Asclepias bracteolata","Apocynaceae",,"Apocynaceae","VU","Vulnerável","2014"
"Symplocos bidana Aranha","327777","Symplocos bidana","Symplocaceae",,"Symplocaceae","VU","Vulnerável","2014"
"Alstroemeria amabilis M.C. Assis","369532","Alstroemeria amabilis","Alstroemeriaceae",,"Alstroemeriaceae","VU","Vulnerável","2014"
"Petunia saxicola L.B.Sm. & Downs","281487","Petunia saxicola","Solanaceae",,"Solanaceae","CR","Criticamente em Perigo","2014"
"Waltheria carpinifolia Saint Hilaire & Naudin","350321","Waltheria carpinifolia","Malvaceae",,"Malvaceae","EX","Extinta","2014"
"Maxillaria binotii De Wild.","363259","Maxillaria binotii","Orchidaceae",,"Orchidaceae","DD","Dados Insuficientes","2014"
"Samolus valerandi L.","282242","Samolus valerandi","Primulaceae",,"Primulaceae","VU","Vulnerável","2014"
"Eriocaulon ulaei Ruhland","331999","Eriocaulon ulaei","Eriocaulaceae",,"Eriocaulaceae","EX","Extinta","2014"
"Baccharis pentziifolia Schultz Bipontinus ex Baker","325101","Baccharis pentziifolia","Asteraceae",,"Asteraceae","EX","Extinta","2014"
"Begonia insularis Brade","326336","Begonia insularis","Begoniaceae",,"Begoniaceae","EX","Extinta","2014"
"Vriesea triangularis Reitz","329188","Vriesea triangularis","Bromeliaceae",,"Bromeliaceae","EX","Extinta","2014"
"Perezia multiflora Less. subsp. multiflora","383375","Perezia multiflora subsp. multiflora","Asteraceae",,"Asteraceae","DD","Dados Insuficientes","2014"
"Vanilla dietschiana Edwall","305638","Vanilla dietschiana","Orchidaceae",,"Orchidaceae","VU","Vulnerável","2014"
"Campuloclinium tubaracense (Hieron.) R.M.King & H.Rob.","378038","Campuloclinium tubaracense","Asteraceae",,"Asteraceae","VU","Vulnerável","2014"
"Matelea reitzii Font.","323562","Matelea reitzii","Apocynaceae",,"Apocynaceae","VU","Vulnerável","2014"
"Anathallis globifera (Pabst) F.Barros & Barberena","383950","Anathallis globifera","Orchidaceae",,"Orchidaceae","DD","Dados Insuficientes","2014"
"Octomeria rohrii Pabst","344937","Octomeria rohrii","Orchidaceae",,"Orchidaceae","VU","Vulnerável","2014"
"Begonia garuvae L.B.Sm. & R.C.Sm.","326290","Begonia garuvae","Begoniaceae",,"Begoniaceae","DD","Dados Insuficientes","2014"
"Cortaderia vaginata Swallen","379115","Cortaderia vaginata","Poaceae",,"Poaceae","EX","Extinta","2014"
"Zygostates dasyrhiza (Krzl.) Schltr","365276","Zygostates dasyrhiza","Orchidaceae",,"Orchidaceae","VU","Vulnerável","2014"
"Mimosa capillipes Bentham","385953","Mimosa capillipes","Fabaceae",,"Fabaceae","EX","Extinta","2014"
"Mimosa serra","281038","Mimosa serra","Fabaceae",,"Fabaceae","VU","Vulnerável","2014"
"Eryngium raulinii Mathias & Constance",,,,,,"VU","Vulnerável","2014"
"Adiantum poiretii Wickstr.","349598","Adiantum poiretii","Pteridaceae",,"Pteridaceae","EX","Extinta","2014"
"Dyckia brevifolia","327605","Dyckia brevifolia","Bromeliaceae",,"Bromeliaceae","CR","Criticamente em Perigo","2014"
"Alsophila acantha Sehnem","331388","Alsophila acantha","Cyatheaceae",,"Cyatheaceae","EX","Extinta","2014"
"Alsophila sternbergii (Sternb.) D.S.Conant","298876","Alsophila sternbergii","Cyatheaceae",,"Cyatheaceae","DD","Dados Insuficientes","2014"
"Oxalis refracta Saint Hilaire","274296","Oxalis refracta","Oxalidaceae",,"Oxalidaceae","EX","Extinta","2014"
"Eugenia pseudomalacantha D.Legrand","340680","Eugenia pseudomalacantha","Myrtaceae",,"Myrtaceae","VU","Vulnerável","2014"
"Blechnum spannagelii Ros.","298822","Blechnum spannagelii","Blechnaceae",,"Blechnaceae","EX","Extinta","2014"
"Inga edwallii (Harms) T. D. Penn.","325181","Inga edwallii","Fabaceae",,"Fabaceae","VU","Vulnerável","2014"
"Asplenium praemorsum Sw.","298625","Asplenium praemorsum","Aspleniaceae",,"Aspleniaceae","EX","Extinta","2014"
"Sciaphila schwackeana Johow","376577","Sciaphila schwackeana","Triuridaceae",,"Triuridaceae","EX","Extinta","2014"
"Pecluma filicula (Kaulf.) Price","349160","Pecluma filicula","Polypodiaceae",,"Polypodiaceae","DD","Dados Insuficientes","2014"
"Pteroglossa lurida (M.N.Correa) Garay","391707","Pteroglossa lurida","Orchidaceae",,"Orchidaceae","DD","Dados Insuficientes","2014"
"Anemia organensis Rosenst.","298336","Anemia organensis","Anemiaceae",,"Anemiaceae","DD","Dados Insuficientes","2014"
"Brachystele scabrilingua Szlach.","361704","Brachystele scabrilingua","Orchidaceae",,"Orchidaceae","DD","Dados Insuficientes","2014"
"Hypochaeris gardneri (Sch. Bip.) Bak.","312474","Hypochaeris gardneri","Asteraceae",,"Asteraceae","EX","Extinta","2014"
"Araucaria angustifolia","353101","Araucaria angustifolia","Araucariaceae",,"Araucariaceae","CR","Criticamente em Perigo","2014"
"Eryngium reitzii Mathias & Constance","331746","Eryngium reitzii","Apiaceae",,"Apiaceae","VU","Vulnerável","2014"
"Hydrocleys nymphoides (H.B.W.) Buch.","331095","Hydrocleys nymphoides","Alismataceae",,"Alismataceae","EX","Extinta","2014"
"Dasyphyllum synacanthum (Bak.) Cabrera","325334","Dasyphyllum synacanthum","Asteraceae",,"Asteraceae","EX","Extinta","2014"
"Tessaria absinthioides (Hook. & Arn.) DC.","332158","Tessaria absinthioides","Asteraceae",,"Asteraceae","DD","Dados Insuficientes","2014"
"Marattia raddii Desv.","379122","Marattia raddii","Marattiaceae",,"Marattiaceae","EX","Extinta","2014"
"Galianthe thalictroides (K. Schumann) E.L.Cabral","279304","Galianthe thalictroides","Rubiaceae",,"Rubiaceae","EX","Extinta","2014"
"Petunia bonjardinensis T. Ando & Hashim.","281470","Petunia bonjardinensis","Solanaceae",,"Solanaceae","VU","Vulnerável","2014"
"Mimosa ramosissima Bentham","326038","Mimosa ramosissima","Fabaceae",,"Fabaceae","EX","Extinta","2014"
"Anemia imbricata Sturm","298294","Anemia imbricata","Anemiaceae",,"Anemiaceae","DD","Dados Insuficientes","2014"
"Eugenia pachyclada D.Legrand","340601","Eugenia pachyclada","Myrtaceae",,"Myrtaceae","VU","Vulnerável","2014"
"Dyckia leptostachya Baker","327645","Dyckia leptostachya","Bromeliaceae",,"Bromeliaceae","EX","Extinta","2014"
"Begonia squamipes Irmsch","326584","Begonia squamipes","Begoniaceae",,"Begoniaceae","VU","Vulnerável","2014"
"Anathallis pabstii (Garay) Pridgeon & M.W. Chase","342533","Anathallis pabstii","Orchidaceae",,"Orchidaceae","VU","Vulnerável","2014"
"Dendrophorbium paranense ( Malme) Matzenb. & Baptista","391230","Dendrophorbium paranense","Asteraceae",,"Asteraceae","VU","Vulnerável","2014"
"Brachystele bicrinita Szlach.","361686","Brachystele bicrinita","Orchidaceae",,"Orchidaceae","DD","Dados Insuficientes","2014"
"Leandra niederleinii Cogn.","338000","Leandra niederleinii","Melastomataceae",,"Melastomataceae","EX","Extinta","2014"
"Hippeastrum santacatarina (Traub.) Dutilh","369801","Hippeastrum santacatarina","Amaryllidaceae",,"Amaryllidaceae","VU","Vulnerável","2014"
"Peperomia pseudobcordata Yunck.","274999","Peperomia pseudobcordata","Piperaceae",,"Piperaceae","VU","Vulnerável","2014"
"Handroanthus catarinensis - (A.H. Gentry) S. Grose","371514","Handroanthus catarinensis","Bignoniaceae",,"Bignoniaceae","VU","Vulnerável","2014"
"Dichondra sericea Swartz","330371","Dichondra sericea","Convolvulaceae",,"Convolvulaceae","EX","Extinta","2014"
"Verbena campestris Moldenke","276971","Verbena campestris","Verbenaceae",,"Verbenaceae","EX","Extinta","2014"
"Passiflora catharinensis Sacco","274383","Passiflora catharinensis","Passifloraceae",,"Passifloraceae","VU","Vulnerável","2014"
"Vriesea biguassuensis Reitz","328760","Vriesea biguassuensis","Bromeliaceae",,"Bromeliaceae","EX","Extinta","2014"
"Brasilidium concolor (Hook.) F. Barros & V. T. Rodrigues","378419","Brasilidium concolor","Orchidaceae",,"Orchidaceae","VU","Vulnerável","2014"
"Aechmea apocalyptica Reitz","326692","Aechmea apocalyptica","Bromeliaceae",,"Bromeliaceae","VU","Vulnerável","2014"
"Leandra urbaniana Cogn.","338150","Leandra urbaniana","Melastomataceae",,"Melastomataceae","EX","Extinta","2014"
"Eryngium aloifolium Martius ex Urban","330088","Eryngium aloifolium","Apiaceae",,"Apiaceae","EX","Extinta","2014"
"Agrostis exasperata Trinius","337043","Agrostis exasperata","Poaceae",,"Poaceae","EX","Extinta","2014"
"Begonia camposportoana Brade","326180","Begonia camposportoana","Begoniaceae",,"Begoniaceae","DD","Dados Insuficientes","2014"
"Baccharis arassatubensis Malag. & Hatschbach","324889","Baccharis arassatubaensis","Asteraceae",,"Asteraceae","VU","Vulnerável","2014"
"Senna septemtrionalis","339157","Senna septemtrionalis","Fabaceae",,"Fabaceae","DD","Dados Insuficientes","2014"
"Verbena gracilescens (Cham.) Herter","369119","Verbena gracilescens","Verbenaceae",,"Verbenaceae","EX","Extinta","2014"
